Name,Kategorien,Adresse,Kontaktinformationen,Öffnungszeiten,Website URL,Beschreibung,Image Source URLs,Ernährungsformen,Küchen,Mehr,Zahlungsarten
Triller's Esszimmer,"Restaurant, Bar / Kneipe, €€ (mittelpreisig)","Trillerweg 57, 66117 Saarbrücken",+49 681 580000,Dienstag - Samstag: 18 bis 22 Uhr,https://www.hotel-am-triller-saarbruecken.de/restaurant-triller/,"Trillers Esszimmer im Hotel Am Triller: Regionale Produkte, Authentizität und Raffinesse zeichnen das Angebot aus. Besonders empfehlenswert zu den Speisen: das süffige Trillerbier, Trillers Stöffchen und die delikaten Trillerweine.","https://einkaufen.saarbruecken.de/cache/media/attachments/2023/10/105954_x_y_0efb99_10.jpg, https://einkaufen.saarbruecken.de/cache/media/attachments/2023/10/105955_x_y_32804a_10.jpg","Glutenfrei, Vegan, Vegetarisch","Französisch, Saarländisch","Barrierefrei, Hundefreundlich, Kostenloses WLAN, Reservierung möglich","American Express, Bar, EC, MasterCard, VisaCard"
Brauhaus zum Stiefel,"Restaurant, Bar / Kneipe, €€ (mittelpreisig), Café","Am Stiefel 2, 66111 Saarbrücken",+49 681 309846-50,Montag - Sonntag: 11 bis 23 Uhr,https://brauhaus-zum-stiefel.de/,"Das Brauhaus zum Stiefel mitten in Saarbrücken ist ein Ort voller Geschichte. In den stilvoll und gemütlich renovierten Räumen gibt’s Speisen, Getränke und Unterhaltung vom Feinsten. Das selbst entwickeltes Bier für erfrischend milden und bekömmlichen Biergenuss wird nach allen Regelnder Braukunst nur mit deutschem Hopfen von der Brauerei Karlsberg gebraut. Die Köche bereiten typische Speisen des Saarlands zu, mit ihren französischen Einflüssen, wie die in der Region bekannte Merguez Wurst oder dem Salat Lyonnaise. Mit Weißwurst, Obazda und Co finden sich aber auch Spuren der bayerischen Küche auf der Speisekarte.","https://einkaufen.saarbruecken.de/cache/media/attachments/2023/08/104731_x_y_f6e7bc_08.jpg, https://einkaufen.saarbruecken.de/cache/media/attachments/2023/08/104732_x_y_d982a7_08.jpg","Vegan, Vegetarisch","Französisch, Saarländisch","Barrierefrei, Familienfreundlich, Hundefreundlich, Kostenloses WLAN, Reservierung möglich, Zum Mitnehmen","American Express, Bar, EC, MasterCard, Saarbrücker Kohle, VisaCard"
Galerie Café Monroe,"€€ (mittelpreisig), Café","Herbergsgasse 4, 66111 Saarbrücken",+49 681 40138148,Dienstag - Samstag: 10 bis 17 Uhr,null,"Unser kleines Café direkt im Herzen von Saarbrücken, versteckt in einer kleinen Gasse, ist ein gemütlicher Ort, umgeben von Liebe. Hier können Sie unserern selbst gebackenen Kuchen mit einer frischen Tasse Kaffee genießen.","https://einkaufen.saarbruecken.de/cache/media/attachments/2023/11/106648_x_y_ae8e17_11.jpg, https://einkaufen.saarbruecken.de/cache/media/attachments/2023/11/106649_x_y_9500b5_11.jpg",null,"Kuchen, Torten und Pâtisserie","Barrierefrei, Familienfreundlich, Hundefreundlich, Reservierung möglich, Sitzplätze im Freien, Zum Mitnehmen",Bar
ILSE Saarbrücken,"Restaurant, Bar / Kneipe, €€ (mittelpreisig), Biergarten","Neffstraße 1, 66123 Saarbrücken",+49 681 91003095,"Montag, Freitag: 17.30 bis 23 Uhr; Dienstag - Donnerstag: 12 bis 15 Uhr und 17.30 bis 23 Uhr",http://www.ilse-sb.de,"Wir sind Eure Kneipe um die Ecke, das Restaurant auf dem Rotenbühl oder einfach einer der schönsten Biergärten Saarbrückens. Viele Beschreibungen unserer Gäste passen auf die ILSE und allen wollen wir jeden Tag gerecht werden. Euch erwartet eine freundliche und entspannte Atmosphäre. Ein Ort, an dem sich Alt und Jung immer wieder trifft und gerne eine schöne Zeit zusammen genießt. Ihr seid jederzeit willkommen, auch auf ein ""schnelles Helles"" an der Theke oder einfach nur ein kleines Feierabend-Bier in der Abendsonne auf dem Ilseplatz.","https://einkaufen.saarbruecken.de/cache/media/attachments/2023/10/106256_x_y_b04b34_10.jpg, https://einkaufen.saarbruecken.de/cache/media/attachments/2023/10/106257_x_y_148bc4_10.jpg","Glutenfrei, Vegan, Vegetarisch","Saarländisch, wechselnde Karte","Barrierefrei, Familienfreundlich, Hundefreundlich, Kostenloses WLAN, Reservierung möglich, Sitzplätze im Freien, Zum Mitnehmen","American Express, Bar, EC, MasterCard, VisaCard"
IU,"Restaurant, Bar / Kneipe, €€ (mittelpreisig), Café","Sankt-Johanner-Markt 5, 66111 Saarbrücken",+49 681 958 128 40,Montag - Donnerstag: 11.30 bis 00 Uhr; Freitag - Samstag: 11.30 bis 02 Uhr; Sonntag: ab 16 Uhr,https://www.iu-sb.de/,"Auf unzähligen Reisen nach Asien oder Südamerika verbringen wir viele Stunden Backstage in kleinen Beachhouses, Bars oder Garküchen. Wir palavern mit wundervollen Barleuten, Köchinnen oder Köchen – um mit allen Sinnen zu erfahren, wie sie ihre göttlichen Spezialitäten so aromatisch, frisch und anregend hinkriegen. Unsere gemeinsame Sprache sind Düfte und Aromen. Fast immer überträgt sich die Begeisterung. Es entsteht ein Kontakt aus Liebe zu den großartigen Produkten, den genialen kulinarischen Traditionen in Ländern wie Peru, Thailand, Brasilien oder China. Die Luft beginnt zu vibrieren, die Partys mit dem Essen, den tollen Menschen und ihren unglaublich freshen Drinks wollen nie enden. Mit neuen Freunden und neuen Rezepten kommen wir jedes Mal begeistert zurück, denn die Geschichten, die wir Euch später erzählen wollen, beginnen immer genau hier – mit Euch. Seid ein Teil davon – und startet Eure Reise mit einem Besuch im ÏU.","https://einkaufen.saarbruecken.de/cache/media/attachments/2023/08/104724_x_y_09fa79_08.jpg, https://einkaufen.saarbruecken.de/cache/media/attachments/2023/08/104725_x_y_e08cbd_08.jpg","Vegan, Vegetarisch",Asiatisch,"Barrierefrei, Familienfreundlich, Hundefreundlich, Kostenloses WLAN, Reservierung möglich, Zum Mitnehmen","American Express, Bar, EC, MasterCard, Saarbrücker Kohle, VisaCard"
NOYA,"Restaurant, Bar / Kneipe, €€ (mittelpreisig), Café","Faktoreistraße 4, 66111 Saarbrücken",+49 681 98915963,Montag - Donnerstag: 11 bis 23 Uhr; Freitag: 11 bis 24 Uhr; Samstag: 9 bis 24 Uhr; Sonntag: 9 bis 15 Uhr,https://www.noya-sb.de/,"Im NOYA wird das mediterrane Lebensgefühl auf einzigartige Weise nach Saarbrücken gebracht. Das talentierte Küchenteam verzaubert die Sinne mit authentischen mediterranen Gerichten. Hier kommt man in den Genuss einer neapolitanischen Pizza, hergestellt aus feinstem italienischem Pizzamehl und mit einem Teig, der ganze 72 Stunden reift. Die Pizzen werden in einem extra heißen Steinofen gebacken, was ihnen eine besondere Leichtigkeit verleiht. Ebenfalls erwarten Euch an unserer gemütlichen Bar tolle Drinks und am Wochenende ein leckeres regionales Brunchbuffet. Von Montag bis Freitag gibt es immer wöchentliche Lunch Gerichte.","https://einkaufen.saarbruecken.de/cache/media/attachments/2023/08/104721_x_y_2eccba_08.jpg, https://einkaufen.saarbruecken.de/cache/media/attachments/2023/11/106977_x_y_2ef7c0_11.jpg","Vegan, Vegetarisch",Italienisch,"Barrierefrei, Familienfreundlich, Hundefreundlich, Kostenloses WLAN, Reservierung möglich, Zum Mitnehmen","American Express, Bar, EC, MasterCard, Saarbrücker Kohle, VisaCard"
Pizza Gotti,"Restaurant, €€ (mittelpreisig)","Mainzer Strasse 8, 66111 Saarbrücken",+49 681 68 63 83 66,Montag - Dienstag: 18 bis 22 Uhr; Mittwoch - Samstag: 12 bis 22 Uhr; Sonntag: 17 bis 21 Uhr,https://www.gotti-pizza.de/,Wir lieben das Zusammenspiel aus neapolitanischer Tradition und Moderne. So entstehen unsere spannenden Kreationen aus besten Zutaten.,"https://einkaufen.saarbruecken.de/cache/media/attachments/2023/08/104849_x_y_ffea27_08.jpg, https://einkaufen.saarbruecken.de/cache/media/attachments/2023/08/104852_x_y_1d198d_08.jpg","Vegan, Vegetarisch",Italienisch,"Familienfreundlich, Hundefreundlich, Reservierung möglich, Sitzplätze im Freien, Zum Mitnehmen","Bar, EC, MasterCard, VisaCard"
Rosenbar Wine & Lunch,"Restaurant, Bar / Kneipe, €€ (mittelpreisig)","Dudweilerstraße 11, 66111 Saarbrücken",0681 59096185,Dienstag - Donnerstag: 17 Uhr bis 22 Uhr; Freitag - Samstag: 17 Uhr bis 24 Uhr,http://www.rosenbar.de,"Die Rosenbar liegt zentral im Herzen von Saarbrücken, in der Dudweiler Straße und befindet sich nur wenige Gehminuten entfernt von beliebten Orten wie der Bahnhofstraße, dem St. Johanner Markt und dem Nauwieser Viertel. Dadurch ist sie der ideale Ort für einen Kaffee oder ein Dinner nach einem ausgedehnten Einkaufsbummel oder einfach, um entspannt mit einem Glas Wein oder Cremant auf das Wochenende anzustoßen.","https://einkaufen.saarbruecken.de/cache/media/attachments/2023/08/104874_x_y_ab072c_08.jpg, https://einkaufen.saarbruecken.de/cache/media/attachments/2023/08/104877_x_y_98fedc_08.jpg","Vegan, Vegetarisch","Italienisch, Spanisch","Hundefreundlich, Kostenloses WLAN, Reservierung möglich, Sitzplätze im Freien","Bar, EC, MasterCard, VisaCard"
Albrechts Casino am Staden,"Restaurant, €€€ (hochpreisig)","Bismarckstraße 47, 66121 Saarbrücken",+49 681 62364,Mittwoch - Sonntag: 11 bis 1 Uhr,https://www.albrechts-casino.de/,"Nach dem Motto von Johann Wolfgang von Goethe: „Hier bin ich Gast, hier darf ich‘s sein!“ verwöhnt Sie Familie Albrecht gemeinsam mit ihrem Service- und Küchenteam. Genießen Sie in einem traumhaft schönen Ambiente kreative Kochkunst auf höchstem Niveau. Wir werden Ihren Besuch zum Erlebnis für alle Sinne machen. Alle Speisen werden von unserem Küchenteam frisch und mit sehr viel Liebe zubereitet. Daher können auch kleine Wartezeiten entstehen, wofür wir Sie um Verständnis bitten. Unser Haus ist exklusiver Partner slowmeat®: Das Fleisch stammt ausschließlich von freilaufenden Weidetieren aus der Extremadura (ca. 500 ha großer Lebensraum in Spanien - Europas größtes Naturschutzgebiet) Mehr als Bio: Grundlage ist Respekt vor Tier und Natur mit dem Resultat des besten Geschmacks. Eine artgerechte Ernährung (Steppengräser, Kräuter & Eicheln) sorgt für ein langes Leben, das Cerdo Ibérico (schwarzes Schwein oder Pata Negra) wird bis zu 15 Monate alt. Das Savannenrind sogar bis zu 15 Jahre alt. Weitere Lieferanten im Premiumsegment sind die Firmen Schwamm (Saarbrücken), Rungis express (Meckenheim), Seawater Cubes (Saarbrücken), Edelpilzzucht Mirko Kalkum – Saarbrücker Bio-Edelpilze (Saarbrücken), VLG/CGRO (Saarbrücken), Früchte Kreis (Saarbrücken) und Green Tree Farming (Saarbrücken). Eine der schönsten und umfangreichsten Weinkarten der Region lädt Sie zu einem Besuch im Restaurant oder in unserer Weinstube ein. Wir werden direkt von Südtirols besten Käse-Affineur DEGUST mit exklusivem Rohmilchkäse beliefert. Albrechts Casino am Staden eignet sich auch hervorragend für Feierlichkeiten jeglicher Art. Unser kreatives Team organisiert für Sie Hochzeiten, Geburtstage, Familienfeierlichkeiten, Taufe, Kommunion, Tagungen sowie Trauerfeiern. Nutzen Sie unseren Party- und Cateringservice.","https://einkaufen.saarbruecken.de/cache/media/attachments/2023/10/105967_x_y_22b677_10.jpg, https://einkaufen.saarbruecken.de/cache/media/attachments/2023/10/105968_x_y_cd05ab_10.jpg","Glutenfrei, Vegan, Vegetarisch","Französisch, wechselnde Karte","Barrierefrei, Familienfreundlich, Hundefreundlich, Kostenloses WLAN, Reservierung möglich, Sitzplätze im Freien, Zum Mitnehmen","American Express, Bar, EC, MasterCard, VisaCard"
ALEX Saarbrücken,"Restaurant, Bar / Kneipe, €€ (mittelpreisig)","Saarstraße 15, 66111 Saarbrücken",+49 681 37 99 59 50,"Montag - Donnerstag, Sonntag: 9 bis 0 Uhr; Freitag - Samstag: 9 bis 1 Uhr",https://www.dein-alex.de/saarbruecken,"Dein Alex - Lecker Essen & Trinken Starte mit unserem Frühstücks- oder Brunchbuffet perfekt in Deinen Tag und lass Dich mit leckeren Speisen und Drinks in entspannter Atmosphäre bis in die Nacht bei uns verwöhnen. Alex heisst Geniessen, Lachen, Treffen, Arbeiten, Kennenlernen, Relaxen und vor allem nach Herzenslust Essen und Trinken. Gönn Dir deinen Moment „Urlaub vom Alltag“ bei uns, denn das Leben ist schön!",https://einkaufen.saarbruecken.de/cache/media/attachments/2023/09/105561_x_y_c64554_09.jpg,"Glutenfrei, Vegan, Vegetarisch",wechselnde Karte,"Familienfreundlich, Hundefreundlich, Kostenloses WLAN, Reservierung möglich, Sitzplätze im Freien","American Express, Bar, EC, MasterCard, VisaCard"
El Sombrero,"Restaurant, €€ (mittelpreisig)","Hohenzollernstraße 41, 66117 Saarbrücken",+49 681 584 69 62,Dienstag - Freitag: 17.30 bis 22.30 Uhr; Samstag: 16 bis 23.30 Uhr,http://www.el-sombrero.de,"Hola Amigos! Seit mehr als 30 Jahren haben wir das Vergnügen unseren Gästen die mexikanische Küche näher zu bringen. Wir befinden uns in Alt Saarbrücken, in einer ruhigen Straße mit Außenterrasse. Bei uns können Sie einen gemütlichen Abend vor Ort verbringen, Essen zum Mitnehmen bestellen oder wir liefen es bequem zu Ihnen nach Hause. Probieren Sie sich mit leckeren Speisen durch die bunte Welt Mexicos. Hervorrangende Cocktails, hausgemachten Eistee und Margaritas, runden Ihr Erlebnis ab. Wir freuen uns auf Ihren Besuch. Ihr El Sombrero Team","https://einkaufen.saarbruecken.de/cache/media/attachments/2023/09/105922_x_y_31c75f_09.jpg, https://einkaufen.saarbruecken.de/cache/media/attachments/2023/09/105923_x_y_293ecc_09.jpg","Glutenfrei, Vegan, Vegetarisch",Fusion,"Familienfreundlich, Hundefreundlich, Reservierung möglich, Sitzplätze im Freien, Zum Mitnehmen","Bar, EC, MasterCard, Saarbrücker Kohle, VisaCard"
La Bastille,"Restaurant, €€ (mittelpreisig)","Kronenstraße 1 b, 66111 Saarbrücken",+49 681 31064 ,Dienstag - Donnerstag: 11.30 bis 14 Uhr; Freitag - Samstag: 11.30 bis 14 Uhr und 17.30 bis 21 Uhr,https://www.restaurant-labastille.de/,"Seit 30 Jahren führt Familie Grolier das gemütliche Restaurant ""La Bastille"" in Saarbrücken. In einer idyllischen Seitengasse in der Nähe des St. Johanner Marktes werden Gäste mit einer köstlichen Mischung aus deutscher und französischer Küche sowie herzlichem Service verwöhnt. Die Spezialität des Hauses ist das saarländische Kartoffelgericht Dibbelabbes aus eigener Herstellung. Serviert mit verschiedenen Beilagen und auf Wunsch auch vegetarisch. Die  Tagesempfehlungen bieten saisonale Leckereien, frischen Fisch und sobald verfügbar: frische Bouchot-Muscheln. Eine liebevoll sortierte Weinkarte rundet das Angebot ab. ""La Bastille"" verfügt über 30 Sitzplätze im Innen- & Außenbereich und ist bekannt für seinen Charme und seine Beständigkeit.","https://einkaufen.saarbruecken.de/cache/media/attachments/2023/10/106293_x_y_2e0938_10.jpg, https://einkaufen.saarbruecken.de/cache/media/attachments/2023/10/106294_x_y_9a2ace_10.jpg",Vegetarisch,"Französisch, Saarländisch","Barrierefrei, Familienfreundlich, Hundefreundlich, Reservierung möglich, Sitzplätze im Freien","American Express, Bar, EC, MasterCard, VisaCard"
Nori Ramen & Noodles,"Restaurant, €€ (mittelpreisig)","Mainzer Straße 61, 66121 Saarbrücken",+49 162 5205631,Montag - Samstag: 12 bis 14.30 & 18 bis 22 Uhr; Sonntag: 17 bis 21 Uhr,https://www.nori-noodlebar.de/,"Japanische Ramensuppen werden hier aus Iberico und Wagyuknochen vom Hunacker Hof über zwei Tage lang gekocht um den maximalen Geschmack zu generieren. Diese Besonderheiten machen diese Suppen zu einem unvergesslichem Erlebnis. Alle Gerichte werden hier mit großer Sorgfalt, Fachwissen, Liebe und Respekt zubereitet.","https://einkaufen.saarbruecken.de/cache/media/attachments/2023/09/105444_x_y_a5fe31_09.jpg, https://einkaufen.saarbruecken.de/cache/media/attachments/2023/09/105445_x_y_f69f7e_09.jpg","Glutenfrei, Vegan, Vegetarisch","Asiatisch, Fusion","Hundefreundlich, Reservierung möglich, Sitzplätze im Freien, Zum Mitnehmen","Bar, EC, MasterCard, VisaCard"
QU4RTIER,"Restaurant, Bar / Kneipe, €€ (mittelpreisig)","Europaallee 25a, 66113 Saarbrücken",+49 681 41095960,Montag - Donnerstag: 11.30 bis 0 Uhr; Freitag: 11.30 bis 1 Uhr; Samstag: 17 bis 1 Uhr,https://qu4rtier.de/,"Unser Team gibt jeden Tag alles, um unsere Gästen mit den Gerichten aus Mittagstisch, Abendkarte und saisonal wechselnden Empfehlungs-Menüs mit außergewöhnlichen Genussmomenten zu verwöhnen. Gleichzeitig bieten wir eine moderne Location für Veranstaltungen. Ob Hochzeit, Weihnachtsfeier, Geburtstag oder Tagung - lasst uns euer Event zusammen unvergesslich machen.","https://einkaufen.saarbruecken.de/cache/media/attachments/2023/10/106108_x_y_6cc57a_10.jpg, https://einkaufen.saarbruecken.de/cache/media/attachments/2023/10/106109_x_y_a8e7fa_10.jpg","Glutenfrei, Vegan, Vegetarisch","Fusion, wechselnde Karte","Barrierefrei, Familienfreundlich, Hundefreundlich, Kostenloses WLAN, Reservierung möglich, Sitzplätze im Freien","American Express, Bar, EC, MasterCard, VisaCard"
Restaurant Handelshof,"Restaurant, €€€ (hochpreisig)","Wilhelm-Heinrich-Straße 17, 66130 Alt-Saarbrücken", +49 681 92 79 79 77,Dienstag - Freitag: 12 bis 15 Uhr und 18 bis 22.30 Uhr; Samstag: 18 bis 23 Uhr,https://restaurant-handelshof.de/,Klassisch-französische Küche mit Einflüssen aus aller Welt begleitet von tollen und einem entspannten unaufdringlichen Service. Das junge Team im Restaurant Handelshof hat sich vor allem die Kundenzufriedenheit auf die Fahne geschrieben. Kommen Sie vorbei und erleben Sie eine ganz besondere Zeit!,"https://einkaufen.saarbruecken.de/cache/media/attachments/2023/08/104820_x_y_d07334_08.jpg, https://einkaufen.saarbruecken.de/cache/media/attachments/2023/08/104822_x_y_93434d_08.jpg","Glutenfrei, Vegan, Vegetarisch","Französisch, Fusion, wechselnde Karte","Hundefreundlich, Kostenloses WLAN, Reservierung möglich, Sitzplätze im Freien","Bar, EC, MasterCard, VisaCard"
Flammerie Alt-Saarbrücken,"Restaurant, €€ (mittelpreisig)","Neumarkt 9, 66117 Saarbrücken",+49 681 92747902,Dienstag - Samstag: 17 bis 22 Uhr; Sonntag: 12 bis 21 Uhr,http://www.flammerie-alt-saarbruecken.de/,"Herzlich Willkommen in der gemütlichen Flammerie im Saarland, im Herzen Alt-Saarbrückens, nur wenige Meter von Schloss und Ludwigskirche entfernt. Wir bieten unseren Gästen eine große Auswahl frischer Flammkuchen in original ""Maître Flambée""-Qualität vom Steinofen: von Original Elsässisch über vegetarisch bis vegan.","https://einkaufen.saarbruecken.de/cache/media/attachments/2023/08/104794_x_y_6bcf76_08.jpg, https://einkaufen.saarbruecken.de/cache/media/attachments/2023/08/104795_x_y_456a6b_08.jpg","Halal, Vegan, Vegetarisch",Französisch,"Familienfreundlich, Hundefreundlich, Reservierung möglich, Sitzplätze im Freien, Zum Mitnehmen","Bar, EC, MasterCard, VisaCard"
Masons - taste the world.,"Restaurant, €€ (mittelpreisig)","Futterstraße 18, 66111 Saarbrücken",+49 681 9580 5050,Montag - Sonntag: 17 bis 23 Uhr,https://masons-restaurant.de/,"Herzlich Willkommen bei masons - taste the world! Wenn Sie ein Feinschmecker sind und nach einem besonderen kulinarischen Erlebnis suchen, dann ist masons - taste the world der perfekte Ort für Sie. Wir sind ein gehobenes all-you-can-eat à la carte Restaurant, das Gerichte aus der ganzen Welt anbietet. Bei uns können Sie sich an einem Abend einmal um die Welt essen und sich dabei ihr eigenes Gänge Menü frei zusammenstellen. Als Gast unseres Restaurants werden Sie in eine Welt des Geschmacks und der Gastfreundschaft eintauchen, die Sie so schnell nicht vergessen werden. Wir bieten eine Vielzahl von Gerichten- von klassischen Spezialitäten bis hin zu innovativen Kreationen- die von den neuesten kulinarischen Trends inspiriert sind.",https://einkaufen.saarbruecken.de/cache/media/attachments/2023/09/105447_x_y_33144a_09.jpg,"Glutenfrei, Halal, Vegan, Vegetarisch","Asiatisch, Französisch, Fusion, Italienisch, Spanisch, Türkisch, wechselnde Karte","Barrierefrei, Familienfreundlich, Hundefreundlich, Kostenloses WLAN, Reservierung möglich, Sitzplätze im Freien","Bar, EC, MasterCard, VisaCard"
Restaurant Indochine,"Restaurant, €€€ (hochpreisig)","Klausenerstrasse 23, 66115 Saarbrücken",+49 681 967 787 08,"Montag, Mittwoch - Sonntag: 12 bis 14.30 und 18 bis 22 Uhr",https://www.indochine-sb.com/,"Mit einer Erfahrung von über 30 Jahren wollen wir Sie mit unseren Kochkünsten überzeugen und Ihren hohen Ansprüchen gerecht werden. Unser Bestreben ist es, Ihnen mit einer frischen und authentischen Vietnamesischen und Französichen Küche eine einzigartige Kombination anzubieten. Mit frischen Zutaten, die sowohl gesund als auch leicht verträglich sind und aus denen hervorragende Geschmacksvariationen entstehen, laden wir Sie ein auf eine Kulinarische Reise in das ehemalige Indochine und zu vollkommen neuen Genüssen.","https://einkaufen.saarbruecken.de/cache/media/attachments/2023/10/105961_x_y_f1aac7_10.jpg, https://einkaufen.saarbruecken.de/cache/media/attachments/2023/10/105962_x_y_cc3beb_10.jpg","Glutenfrei, Vegetarisch","Asiatisch, Französisch, Fusion, wechselnde Karte","Familienfreundlich, Hundefreundlich, Kostenloses WLAN, Reservierung möglich, Sitzplätze im Freien","American Express, Bar, EC, MasterCard, VisaCard"
Brasserie Saarbrücken,"Restaurant, Bar / Kneipe, €€ (mittelpreisig), Café","Bahnhofstraß 38, 66111 Saarbrücken",+49 681 90 68 480,"Montag - Donnerstag, Sonntag: 9 bis 22 Uhr; Freitag - Samstag: 9 bis 0 Uhr",https://www.deine-brasserie.de/brasserie-saarbruecken,Dein Tag in der Brasserie beginnt mit einem klassisch französischen Frühstück oder unserem täglichen Frühstücks- oder Brunchbuffet… Lass dich dann vom Charme der französischen Küche einfangen. Wie wäre es mit einem leckeren Elsässer Flammkuchen oder dem beliebten Croque Monsieur? Oder schlägt dein Herz eher für ein zartes Entrecôte? In deiner Brasserie heißt es „schlemmen wie Gott in Frankreich“… Geniesse dazu tolle Drinks oder eine leckere Süssigkeit von unserer Eiskarte…Bon appétit!,https://einkaufen.saarbruecken.de/cache/media/attachments/2023/09/105562_x_y_ff1e9a_09.png,"Glutenfrei, Vegan, Vegetarisch",wechselnde Karte,"Barrierefrei, Familienfreundlich, Hundefreundlich, Kostenloses WLAN, Reservierung möglich, Sitzplätze im Freien","American Express, Bar, EC, MasterCard, VisaCard"
LUUC - Café Deli Wein,"Restaurant, €€ (mittelpreisig), Café","Türkenstraße 17, 66111 Saarbrücken",+49 681 93885265,"Montag - Mittwoch, Sonntag: 9.30 bis 20.30 Uhr; Donnerstag - Samstag: 9.30 bis 22 Uhr",http://www.cafeluuc.de,"Das LUUC ist ein wunderschönes Café mit Wohlfühlfaktor. Das Hauptaugenmerk liegt auf veganen sowie vegetarischen Gerichten. Das Café hat eine große Auswahl zum Frühstück und Brunchen. Frühstücken kann man hier übrigens den ganzen Tag. Ab halb 12 gibt es dann zusätzlich noch verschiedene Hauptspeisen. Das Highlight ist auf jeden Fall unter anderem die Tapasplatte zum Teilen. Du kannst an kälteren Tagen gemütlich im Café verweilen und an wärmeren Tagen die Sonne auf der Sonnenterrasse genießen. Ach ja und hier gibt es täglich selbstgebackene Zimtschnecken, sogar vegan.","https://einkaufen.saarbruecken.de/cache/media/attachments/2023/08/104771_x_y_5fdb25_08.jpg, https://einkaufen.saarbruecken.de/cache/media/attachments/2023/08/104773_x_y_362dbc_08.jpg","Glutenfrei, Halal, Vegan, Vegetarisch",wechselnde Karte,"Familienfreundlich, Hundefreundlich, Kostenloses WLAN, Reservierung möglich, Sitzplätze im Freien, Zum Mitnehmen","American Express, Bar, EC, MasterCard, VisaCard"
Bistro Futterhaus,"Restaurant, €€ (mittelpreisig)","Graf-Stauffenberg-Straße, 66121 Saarbrücken",+49 681 32772,Montag - Sonntag: 10 bis 18 Uhr,https://zoo.saarbruecken.de/dein_zoobesuch/essen_und_trinken,Neben dem Spielplatz werden Zoobesucher mit Köstlichkeiten für jeden Appetit verwöhnt.,https://einkaufen.saarbruecken.de/cache/media/attachments/2022/10/97399_x_y_f15514_10.jpg,null,Saarländisch,"Familienfreundlich, Hundefreundlich, Sitzplätze im Freien","Bar, EC, MasterCard, VisaCard"
Historische Tabaksmühle,"Restaurant, €€ (mittelpreisig), Biergarten","Julius-Kiefer-Straße 146, 66119 Saarbrücken",+49 681 9851930,Dienstag - Freitag: 11.45 bis 14.30 Uhr und 18 bis 22.30 Uhr; Samstag: 17.30 bis 22.30 Uhr; Sonntag: 11.45 bis 22 Uhr,http://www.tabaksmuehle.de/,"Idylle hat viele Gesichter, und manchmal findet man sie auch mitten in der Stadt - Willkommen in der Tabaksmühle! Feine Landhausküche, saisonale Empfehlungen und saarländische Spezialitäten machen die Tabaksmühle zu einem beliebten Treffpunkt in St. Arnual.","https://einkaufen.saarbruecken.de/cache/media/attachments/2016/06/42019_x_y_049032_06.jpg, https://einkaufen.saarbruecken.de/cache/media/attachments/2023/09/105522_x_y_ed9a0b_09.jpg","Glutenfrei, Vegan, Vegetarisch","Saarländisch, wechselnde Karte","Familienfreundlich, Hundefreundlich, Reservierung möglich, Sitzplätze im Freien","Bar, EC, MasterCard, VisaCard"
Moccachili,"€ (günstig), Café, Biergarten","Cora-Eppstein-Platz/Evangelisch-Kirch-Straße 8, 66111 Saarbrücken",+49 681 5953578,"Montag, Donnerstag - Freitag: 9.30 bis 20 Uhr; Dienstag - Mittwoch, Samstag: 9.30 bis 19 Uhr; Sonntag: 13 bis 18 Uhr",https://moccachili.blogspot.com/,"Kaffee, Kuchen, Erfrischungsgetränke und Speisen in ruhiger Atmosphäre genießen",https://einkaufen.saarbruecken.de/cache/media/attachments/2020/11/81182_x_y_77f28a_11.jpg,"Vegan, Vegetarisch","Kuchen, Torten und Pâtisserie, Saarländisch",Sitzplätze im Freien,null
Ulanen Hof - Gasthof und Biergarten,"Restaurant, €€ (mittelpreisig), Biergarten","Verlängerte Julius-Kiefer-Straße 219a, 66119 Saarbrücken",+49 681 92558555,"Donnerstag: 15 Uhr bis 20 Uhr; Freitag - Sonntag, Montag: 11 Uhr bis 20 Uhr",https://ulanen-hof.de/,"Wir bieten eine breite Auswahl an frisch gezapften Bieren, regionalen Weinen und vielen erfrischenden alkoholfreien Getränken. Unsere Speisen bereiten wir mit viel Liebe und größtenteils aus regionalen und/oder biologisch erzeugten Produkten zu. Entspannt euch mitten im Grünen und lasst euch von uns verwöhnen. Der Ulanen Hof bietet bei jedem Wetter das passende Plätzchen, ob im Innenbereich, auf der überdachten Terrasse oder im Biergarten inmitten der Natur. Wir freuen uns auf euch!","https://einkaufen.saarbruecken.de/cache/media/attachments/2023/08/104843_x_y_a19026_08.jpg, https://einkaufen.saarbruecken.de/cache/media/attachments/2023/08/104844_x_y_6ad1e9_08.jpg","Vegan, Vegetarisch",wechselnde Karte,"Familienfreundlich, Hundefreundlich, Reservierung möglich, Sitzplätze im Freien","Bar, EC, MasterCard, Saarbrücker Kohle, VisaCard"
Ulanen Pavillon,"€€ (mittelpreisig), Imbiss, Biergarten","Am Staden 13a, 66111 Saarbrücken",+49 681 67757,Montag - Sonntag: 11.30 Uhr bis 23 Uhr (März bis Oktober) und 15.30 Uhr bis 20 Uhr (November bis Februar),http://www.facebook.com/derstaden.de,"In unseren Verkaufsbuden bekommen Sie bis zu 4 Sorten Bier vom Fass und weitere aus der Flasche. Außerdem bieten wir regionale Weine, sowie eine breite Palette an alkoholfreien Getränken. An unserem Imbiss finden Sie Speisen vom Grill, sowie Pommes Frites und weitere vegetarische Kleinigkeiten. Informieren Sie sich auch gerne über social media über unsere Veranstaltungen, die wir an mehreren Wochenenden im Jahr stattfinden lassen. Bei uns gilt Selbstbedienung.","https://einkaufen.saarbruecken.de/cache/media/attachments/2023/08/104811_x_y_eb48d1_08.jpg, https://einkaufen.saarbruecken.de/cache/media/attachments/2023/08/104812_x_y_44e810_08.jpg","Vegan, Vegetarisch",Saarländisch,Sitzplätze im Freien,"Bar, EC, MasterCard, Saarbrücker Kohle, VisaCard"
Zapata,"Restaurant, €€ (mittelpreisig), Biergarten","Mainzer Straße 8, 66111 Saarbrücken",+49 681 94769926,"Montag - Donnerstag, Sonntag: 17.30 bis 24 Uhr; Freitag - Samstag: 17.30 bis 1 Uhr",https://www.facebook.com/zapata.saarland/,Kleine Tapasbar mitten im Herzen von Saarbrücken mit einem großen und schön ausgestatteten Biergarten.,"https://einkaufen.saarbruecken.de, https://einkaufen.saarbruecken.de/cache/media/attachments/2019/07/69904_x_y_8369cd_07.png",Vegetarisch,Spanisch,"Reservierung möglich, Sitzplätze im Freien",null
Ziyafet Grill,"Restaurant, €€ (mittelpreisig), Biergarten","Neumarkt 6, 66117 Saarbrücken",+49 681 5959501,Montag - Freitag: 17 bis 23 Uhr; Samstag - Sonntag: 12 bis 23 Uhr,https://ziyafetgrill.de/,"Saarländische Gemütlichkeit trifft auf orientalische Gastfreundschaft. Hier verbindet sich langjährige Tradition mit einer gemütlichen Atmosphäre, einem dynamischen Team und modernem Service. Für Feierlichkeiten und Gesellschaften stehen Ihnen Räumlichkeiten in Restaurant und Biergarten sowie ein Partyservice für externe Veranstaltungen zur Verfügung.",https://einkaufen.saarbruecken.de/cache/media/attachments/2018/06/61352_x_y_089ec4_06.jpg,Vegetarisch,"Saarländisch, Türkisch","Reservierung möglich, Sitzplätze im Freien",null
Wirtshaus Zur Wilden Ente,"Restaurant, €€ (mittelpreisig), Biergarten","Saarstraße 15, 66130 Saarbrücken",+49 681 872171,Mittwoch - Sonntag: 11.45 bis 23 Uhr,http://www.wilde-ente.de,"Ente gut, alles gut – In der Gaststätte an der Güdinger Schleuse können Besucher von mittwochs bis sonntags ab 11.45 Uhr im Biergarten, mit direktem Blick auf die Saar, entspannen. Das Gasthaus „Zur Wilden Ente“ bietet dabei eine Vielzahl von Speisen und Getränken - und anschließend lädt das Saarufer zu einem Spaziergang ein.","https://einkaufen.saarbruecken.de/cache/media/attachments/2023/09/105930_x_y_9a95e0_09.jpg, https://einkaufen.saarbruecken.de/cache/media/attachments/2023/09/105931_x_y_84c678_09.jpg",Vegetarisch,Saarländisch,"Familienfreundlich, Hundefreundlich, Kostenloses WLAN, Reservierung möglich, Sitzplätze im Freien, Zum Mitnehmen","Bar, EC, MasterCard, VisaCard"
Ratskeller Saarbrücken,"Restaurant, €€ (mittelpreisig), Biergarten","Rathausplatz 1, 66111 Saarbrücken",+49 681 9101708,"Montag - Dienstag, Donnerstag - Samstag: 17:00 bis 1:00 Uhr; Mittwoch: 17:00 bis 24:00 Uhr; Sonntag: 17 bis 22:00 Uhr",http://www.ratskeller-saarbruecken.de,Saugen Sie Saarbrücken auf an seinem Ursprung im historischen Rathauskeller. Genießen Sie die Atmosphäre des 120 Jahre alten Backstein Gewölbe im Zusammenspiel modernen Elementen. Für Gruppen bestens geeignet. Der schönste Keller der Stadt verfügt über 300 Innen und 200 Außen Sitzplätze. Regionale und fair gehandelte Produkte stehen im Mittelpunkt der Speisekarte.,"https://einkaufen.saarbruecken.de/cache/media/attachments/2015/10/34800_x_y_c5aa76_10.jpg, https://einkaufen.saarbruecken.de/cache/media/attachments/2016/07/35080_x_y_d14992_07.jpg","Glutenfrei, Halal, Vegan, Vegetarisch",Saarländisch,"Barrierefrei, Familienfreundlich, Hundefreundlich, Kostenloses WLAN, Reservierung möglich, Sitzplätze im Freien, Zum Mitnehmen","Bar, EC, MasterCard, Saarbrücker Kohle, VisaCard"
Lesepavillon,"€€ (mittelpreisig), Café, Biergarten","Im Ehrentalweg 21, 66117 Saarbrücken",+49681 95459382,Mittwoch: 13 bis 18 Uhr; Samstag: 13 bis 19 Uhr; Sonntag: 12 bis 19 Uhr,https://m.lesepavillon.de/website/,"In dem kleinen Café im Deutsch-Französischen Garten finden ab und zu verschiedene Events statt. Die restliche Zeit bietet es Besucherinnen und Besuchern die Möglichkeit, sich umgeben von der Natur bei einem Getränk und etwas kleinem zu essen zu entspannen.",https://einkaufen.saarbruecken.de/cache/media/attachments/2018/12/65139_x_y_949fec_12.jpg,null,"Kuchen, Torten und Pâtisserie",Sitzplätze im Freien,null
Zum Seeblick,"€ (günstig), Restaurant, Imbiss, Biergarten","Netzbachtal 1, 66287 Quierschied",+49 6897 63434,Dienstag - Samstag: 11 bis 23 Uhr; Sonntag: 10.30 bis 22 Uhr,null,"Entdecken Sie vielfältige Waldbilder auch im Netzbachtal. Im Lokal ""Zum Seeblick"" direkt am Weiher ist der Name Programm.",https://einkaufen.saarbruecken.de/cache/media/attachments/2022/04/93474_x_y_97fa14_04.jpg,null,"Kuchen, Torten und Pâtisserie, Saarländisch","Barrierefrei, Sitzplätze im Freien, Zum Mitnehmen",null
Naturfreundehaus Kirschheck,"Restaurant, €€ (mittelpreisig), Biergarten","Kirschheck 70, 66115 Saarbrücken",+49 681 74777,Dienstag - Samstag: 11 bis 20 Uhr; Sonntag: 10 bis 22 Uhr,http://www.I3.naturfreundehaus.de,"Nach einer Wanderung vorbei an den Bächen, Sümpfen und kleinen Waldseen im angrenzenden Naturschutzgebiet im Herz des Saarkohlenwaldes können Sie im Biergarten mit Blick auf den Wald zur Ruhe kommen. Im Kirschheck kommen auch kleine Gäste auf dem Spielplatz voll auf ihre Kosten.",https://einkaufen.saarbruecken.de/cache/media/attachments/2022/04/93473_x_y_29b832_04.jpg,null,null,"Familienfreundlich, Sitzplätze im Freien",null
Gasthaus Wickersberger Hof,"Restaurant, €€ (mittelpreisig), Biergarten","Wickersberger Hof 1, 66131 Saarbrücken",+49 6893 2620,Freitag: 17 Uhr; Sonntag: 13 Uhr,https://www.facebook.com/Gasthaus-Wickersberger-Hof-1799966233425214/,Das Gasthaus Wickersberger Hof liegt malerisch inmitten von Feldern und Wiesen.,https://einkaufen.saarbruecken.de/cache/media/attachments/2022/04/93439_x_y_f51013_04.jpg,null,wechselnde Karte,Sitzplätze im Freien,null
Wogbachtal Hütte,"Restaurant, €€ (mittelpreisig), Biergarten","Wogbachtal 1, 66131 Saarbrücken",+49 6893 9871471,"Samstag, Mittwoch: 12 bis 20 Uhr; Sonntag: 10 bis 20 Uhr",http://www.wogbachtal-huette.saarland,"Die Wogbachtalhütte liegt im Ensheimer Gelösch am Premium-Wanderweg ""Ensheimer Brunnenweg"", der elf Brunnen im Ensheimer Tal verbindet.",https://einkaufen.saarbruecken.de/cache/media/attachments/2022/04/93410_x_y_110b40_04.jpg,Vegetarisch,"Saarländisch, wechselnde Karte",Sitzplätze im Freien,null
Fischerhütte Burbach,"Restaurant, €€ (mittelpreisig), Biergarten","Im Weyerbachtal 30, 66115 Saarbrücken",+49 681 77421,"Dienstag - Freitag, Sonntag: 11 bis 22 Uhr; Samstag: 15 bis 22 Uhr",http://www.fischerhuette-burbach.de/,"Das Restaurant Fischerhütte bietet mit seinen Plätzen im Freien Gelegenheit, nach einem Rundgang um den Burbacher Waldweiher noch etwas in der Nähe zu verweilen. Kinder können sich außerdem auf einen Besuch auf dem Spielplatz freuen, der direkt an das Restaurant angeschlossen ist.",https://einkaufen.saarbruecken.de/cache/media/attachments/2022/04/93377_x_y_4bd19d_04.jpg,null,"Saarländisch, wechselnde Karte","Familienfreundlich, Sitzplätze im Freien",null
Silodom Biergarten,Biergarten,"An der Römerbrücke 3, 66121 Saarbrücken",null,null,https://www.facebook.com/pg/silodom.sb,"Biergarten, Konzerte und jede Menge Feiern.",https://einkaufen.saarbruecken.de/cache/media/attachments/2024/04/110866_x_y_5fd22a_04.jpg,null,null,Sitzplätze im Freien,null
the bakery,"€€ (mittelpreisig), Café","Gerberstraße 7, 66111 Saarbrücken",+49 681 95818570,Montag - Samstag: 9 bis 18 Uhr,https://www.facebook.com/thebakery.saarbruecken/timeline,"Modernes Café-Konzept mit Barista-Kaffee, französischer Patisserie, Frühstück, Quiches und Salaten. Große, gemütliche Sonnenterrasse im Hinterhof direkt am St. Johanner Markt.","https://einkaufen.saarbruecken.de/cache/media/attachments/2024/04/110814_x_y_1901d3_04.jpg, https://einkaufen.saarbruecken.de/cache/media/attachments/2024/04/110815_x_y_54533f_04.jpg","Vegan, Vegetarisch","Französisch, Kuchen, Torten und Pâtisserie","Familienfreundlich, Hundefreundlich, Reservierung möglich, Sitzplätze im Freien, Zum Mitnehmen","Bar, EC, MasterCard, VisaCard"
Ubu le Roi,"€€ (mittelpreisig), Café","Cecilienstraße 15, 66111 Saarbrücken",+49 681 6866040,Montag - Sonntag: 9 bis 22 Uhr,https://www.facebook.com/ubu.le.roi/,Gemütliches Café mit Frühstück bis 14 Uhr und Kaffeespezialitäten.,"https://einkaufen.saarbruecken.de/cache/media/attachments/2023/09/105516_x_y_ecfd71_09.jpg, https://einkaufen.saarbruecken.de/cache/media/attachments/2023/09/105518_x_y_0b9932_09.jpg","Vegan, Vegetarisch",null,"Familienfreundlich, Hundefreundlich, Kostenloses WLAN, Sitzplätze im Freien, Zum Mitnehmen","Bar, EC, MasterCard, VisaCard"
Restaurant Undine,"Restaurant, €€ (mittelpreisig), Biergarten","Bismarckstraße 129, 66121 Saarbrücken",+49 681 6853353,Dienstag - Samstag: 17 bis 23 Uhr und Küche 17.30 bis 22 Uhr; Sonntag: 12 bis 22 Uhr und Küche 12 bis 14.30 Uhr und  18 bis 21.30 Uhr,http://www.undine-restaurant.de/,"Das Restaurant Undine mit seinem schönen, klassisch gestalteten Biergarten liegt direkt an der Saar und ist beheimatet im Gebäude der Rudergesellschaft Saarbrücken. Tägliches Stammessen an Werktagen sowie regelmäßig wechselnde Wochenkarten mit saisonalen Gerichten sorgen für Abwechslung auf der Speisekarte.",https://einkaufen.saarbruecken.de/cache/media/attachments/2022/04/93380_x_y_6d7c28_04.jpg,Vegetarisch,"Französisch, Italienisch, Saarländisch","Reservierung möglich, Sitzplätze im Freien",null
Aioli am Markt,"Restaurant, €€ (mittelpreisig)","Am Stiefel 1, 66111 Saarbrücken",+49 681 98846300,Dienstag - Sonntag: 12 bis 22.30 Uhr,https://www.aioli-sb.de/,"„Hauptsach gudd gess“ lautet das Motto im Saarland! Genau das soll auch im Aioli am Markt im Mittelpunkt stehen. Bei Deinem Besuch am Sankt Johanner Markt lädt das Restaurant Dich zu einer besonderen kulinarischen Reise ein – ein Stück spanische Lebensart mitten im Saarland! Dich erwarten feurige Aromen, sonnenverwöhnte Weine und erlesene Zutaten. Das Aioli am Markt serviert typische Gerichte und natürlich auch Tapas: Kleine feine Häppchen aus allen Teilen des Landes.","https://einkaufen.saarbruecken.de/cache/media/attachments/2023/08/104825_x_y_f11b8b_08.jpg, https://einkaufen.saarbruecken.de/cache/media/attachments/2023/08/104827_x_y_45c0cd_08.jpg",Vegetarisch,"Fusion, Spanisch","Hundefreundlich, Reservierung möglich, Sitzplätze im Freien","Bar, EC, MasterCard, VisaCard"
Zwickel Dudweiler,"Restaurant, Bar / Kneipe, €€ (mittelpreisig), Biergarten","Beethovenstrasse 47, 66125 Saarbrücken",06897 76 52 15,Montag - Sonntag: ab 17:30 Uhr,http://www.zwickel.info,"Bistro, Restaurant und Kneipe mit Biergarten, für junges und älteres Publikum. ""Schon gudd gess?"" ist das Motto der  Speisekarte.",https://einkaufen.saarbruecken.de/cache/media/attachments/2016/06/42014_x_y_2e8f9a_06.jpg,Vegetarisch,"Französisch, Italienisch, Saarländisch","Kostenloses WLAN, Reservierung möglich, Sitzplätze im Freien","Bar, EC"
COMAME,"€€ (mittelpreisig), Café","Kappenstraße 3, 66111 Saarbrücken",+49 163 1537661,Montag - Samstag: 8.30 bis 18 Uhr,https://comame.de/,"Der COMAME Store bietet neben Kaffeezubehör ausgewählte und selbst geröstete Spezialitätenkaffees als Bohne, gemahlen sowie frisch zubereitet. Es sind immer mehrere Sorten im Ausschank. Samstags werden dazu handgemachte Croissants sowie Macarons von Quanah Schott angeboten","https://einkaufen.saarbruecken.de/cache/media/attachments/2023/09/105449_x_y_ad596b_09.jpg, https://einkaufen.saarbruecken.de/cache/media/attachments/2023/09/105450_x_y_8036d5_09.jpg","Vegan, Vegetarisch",null,"Sitzplätze im Freien, Zum Mitnehmen","Bar, EC, MasterCard, VisaCard"
Café Batela,"€€ (mittelpreisig), Café","Mainzer Str. 4, 66111 Saarbrücken",null,Dienstag - Sonntag: 9 bis 16 Uhr,https://cafe-batela.de/,"Das Batela ist ein familiengeführtes Café, mit dem wir - Ela & Batu - uns einen Traum erfüllt haben. Wir sind Gastgeber aus Leidenschaft. Mit diesem Café schaffen wir einen Ort zum Verweilen, zum Wohlfühlen und zum Genießen.","https://einkaufen.saarbruecken.de/cache/media/attachments/2025/02/119191_x_y_e0406b_02.jpg, https://einkaufen.saarbruecken.de/cache/media/attachments/2025/02/119192_x_y_aa1ca2_02.jpg, https://einkaufen.saarbruecken.de/cache/media/attachments/2025/02/119193_x_y_a08c63_02.jpg","Halal, Vegan, Vegetarisch",Fusion,"Familienfreundlich, Hundefreundlich, Kostenloses WLAN, Sitzplätze im Freien, Zum Mitnehmen","Bar, EC, MasterCard, VisaCard"
Brot & Sinne,Bäckerei,"Kaltenbachstraße 6, 66111 Saarbrücken",+49 681 98805344,Montag - Freitag: 7.30 bis 19.30 Uhr; Samstag: 8 bis 19.30 Uhr; Sonntag: 8.30 bis 18 Uhr,null,null,https://einkaufen.saarbruecken.de/cache/media/attachments/2023/09/105448_x_y_019f2f_09.jpg,null,null,null,null
Brot & Sinne Mainzer Straße,Bäckerei,"Mainzer Straße 86, 66111 Saarbrücken",+49 681 98805344,Montag - Samstag: 7 bis 19 Uhr; Sonntag: 8 bis 12 Uhr,null,null,https://einkaufen.saarbruecken.de/cache/media/attachments/2023/09/105448_x_y_019f2f_09.jpg,null,null,null,null
Uhu-Pavillon im Wildpark,"Restaurant, €€ (mittelpreisig), Biergarten","Meerwiesertalweg 138, 66123 Saarbrücken",+49 681 95807878,Montag - Sonntag: 11 bis 18 Uhr (Winter) und 11 bis 20 Uhr (Sommer),http://www.uhu-pavillon-wildpark.de/,"Der Uhu-Pavillon im Wildpark lädt ein zu einem sommerlichen Ausflug unter die Bäume des Stadtwaldes in den Biergarten. Das Team verwöhnt Sie mit Grill- und Wildspezialitäten, aber auch mit saarländischer Küche oder selbst gebackenen Kuchen und Eisbechern. Für Veranstaltungen kann der Uhu-Pavillon ebenfalls gemietet werden.",https://einkaufen.saarbruecken.de/cache/media/attachments/2016/06/42025_x_y_7f3736_06.jpg,Vegetarisch,Saarländisch,"Familienfreundlich, Sitzplätze im Freien","Bar, EC, VisaCard"
Schwanenkönig,"Restaurant, €€ (mittelpreisig), Biergarten","Krughütter Straße 26a, 66128 Saarbrücken",+49 681 98917471,null,https://www.schwanenkönig.de/,"Essen, trinken, wohlfühlen – so lautet das Motto des gemütlichen Lokals in Saarbrücken Gersweiler. Ob Sie sich einen Platz im Innenraum des Schwanenkönigs oder in dem dazugehörenden Biergarten suchen, auf der Speisekarte finden Sie eine Auswahl von typischen saarländischen Speisen, über vegetarische Gerichte und international angehauchte Cuisine.",https://einkaufen.saarbruecken.de/cache/media/attachments/2023/12/107821_x_y_024f53_12.png,Vegetarisch,"Französisch, Italienisch, Saarländisch, wechselnde Karte",Sitzplätze im Freien,null
Erbeldinger Hof,"Restaurant, €€ (mittelpreisig), Biergarten","Im Almet 161, 66119 Saarbrücken",+49 681 59 09 76 97,"Montag, Mittwoch - Freitag: 17 bis 21 Uhr; Samstag - Sonntag: 12 bis 21 Uhr",http://www.landgasthaus-erbeldingerhof.de/,"Das Langasthaus Erbeldinger Hof liegt mitten in der Natur und ganz in der Nähe der Alpaka Farm. Die Gaststätte bietet eine vielfältige Speisekarte, sowohl mit vegetarischen Gerichten und einer veganen Option, als auch mit typisch Saarländischen Speisen und einigen italienisches und französischen Köstlichkeiten.",https://einkaufen.saarbruecken.de/cache/media/attachments/2022/04/93378_x_y_ac914a_04.jpg,"Vegan, Vegetarisch","Französisch, Italienisch, Saarländisch","Familienfreundlich, Hundefreundlich, Sitzplätze im Freien",null
Cafe Bistro Nauwies,"Restaurant, Café, Bar / Kneipe, Biergarten, € (günstig)","Nauwieserstraße 22, 66111 Saarbrücken",+49 681 35743,Montag - Sonntag: 10 bis 1 Uhr,https://bistro-cafe-nauwies.de/,Vom Frühstück bis zum Abendessen à la carte. Vom Kaffee bis zum Absacker oder einfach ein paar Bier & eine schöne Zeit in der „Nau“.,"https://einkaufen.saarbruecken.de/cache/media/attachments/2023/09/105514_x_y_059d70_09.jpg, https://einkaufen.saarbruecken.de/cache/media/attachments/2023/09/105515_x_y_6975d0_09.jpg",Vegetarisch,"Fusion, Saarländisch, wechselnde Karte","Familienfreundlich, Hundefreundlich, Kostenloses WLAN, Sitzplätze im Freien","Bar, EC, MasterCard, VisaCard"
Café am Schloss,"Restaurant, €€ (mittelpreisig), Café, Biergarten","Am Schlossplatz 15, 66119 Saarbrücken",+49 681 582621,Montag - Sonntag: 10 bis 23 Uhr,http://www.cafe-am-schloss.com,Genießen Sie traditionelle und saisonale Speisen mit Blick auf das Saarbrücker Schloss und das Alte Rathaus. Vom Biergarten aus können Sie in idyllischer Umgebung von einer tolle Aussicht auf die Saar und auf die Stadt Saarbrücken profitieren.,"https://einkaufen.saarbruecken.de/cache/media/attachments/2023/08/104832_x_y_daf30f_08.jpg, https://einkaufen.saarbruecken.de/cache/media/attachments/2023/08/104834_x_y_253f77_08.jpg",Vegetarisch,"Französisch, Saarländisch","Barrierefrei, Familienfreundlich, Hundefreundlich, Reservierung möglich, Sitzplätze im Freien, Zum Mitnehmen","Bar, EC, MasterCard, VisaCard"
Schwanenkönig,"Restaurant, €€ (mittelpreisig), Biergarten","Krughütter Straße 26a, 66128 Saarbrücken",+49 681 98917471,null,https://www.schwanenkönig.de/,"Essen, trinken, wohlfühlen – so lautet das Motto des gemütlichen Lokals in Saarbrücken Gersweiler. Ob Sie sich einen Platz im Innenraum des Schwanenkönigs oder in dem dazugehörenden Biergarten suchen, auf der Speisekarte finden Sie eine Auswahl von typischen saarländischen Speisen, über vegetarische Gerichte und international angehauchte Cuisine.",https://einkaufen.saarbruecken.de/cache/media/attachments/2023/12/107821_x_y_024f53_12.png,Vegetarisch,"Französisch, Italienisch, Saarländisch, wechselnde Karte",Sitzplätze im Freien,null
Erbeldinger Hof,"Restaurant, €€ (mittelpreisig), Biergarten","Im Almet 161, 66119 Saarbrücken",+49 681 59 09 76 97,"Montag, Mittwoch - Freitag: 17 bis 21 Uhr; Samstag - Sonntag: 12 bis 21 Uhr",http://www.landgasthaus-erbeldingerhof.de/,"Das Langasthaus Erbeldinger Hof liegt mitten in der Natur und ganz in der Nähe der Alpaka Farm. Die Gaststätte bietet eine vielfältige Speisekarte, sowohl mit vegetarischen Gerichten und einer veganen Option, als auch mit typisch Saarländischen Speisen und einigen italienisches und französischen Köstlichkeiten.",https://einkaufen.saarbruecken.de/cache/media/attachments/2022/04/93378_x_y_ac914a_04.jpg,"Vegan, Vegetarisch","Französisch, Italienisch, Saarländisch","Familienfreundlich, Hundefreundlich, Sitzplätze im Freien",null
Cafe Bistro Nauwies,"Restaurant, Café, Bar / Kneipe, Biergarten, € (günstig)","Nauwieserstraße 22, 66111 Saarbrücken",+49 681 35743,Montag - Sonntag: 10 bis 1 Uhr,https://bistro-cafe-nauwies.de/,Vom Frühstück bis zum Abendessen à la carte. Vom Kaffee bis zum Absacker oder einfach ein paar Bier & eine schöne Zeit in der „Nau“.,"https://einkaufen.saarbruecken.de/cache/media/attachments/2023/09/105514_x_y_059d70_09.jpg, https://einkaufen.saarbruecken.de/cache/media/attachments/2023/09/105515_x_y_6975d0_09.jpg",Vegetarisch,"Fusion, Saarländisch, wechselnde Karte","Familienfreundlich, Hundefreundlich, Kostenloses WLAN, Sitzplätze im Freien","Bar, EC, MasterCard, VisaCard"
Café am Schloss,"Restaurant, €€ (mittelpreisig), Café, Biergarten","Am Schlossplatz 15, 66119 Saarbrücken",+49 681 582621,Montag - Sonntag: 10 bis 23 Uhr,http://www.cafe-am-schloss.com,Genießen Sie traditionelle und saisonale Speisen mit Blick auf das Saarbrücker Schloss und das Alte Rathaus. Vom Biergarten aus können Sie in idyllischer Umgebung von einer tolle Aussicht auf die Saar und auf die Stadt Saarbrücken profitieren.,"https://einkaufen.saarbruecken.de/cache/media/attachments/2023/08/104832_x_y_daf30f_08.jpg, https://einkaufen.saarbruecken.de/cache/media/attachments/2023/08/104834_x_y_253f77_08.jpg",Vegetarisch,"Französisch, Saarländisch","Barrierefrei, Familienfreundlich, Hundefreundlich, Reservierung möglich, Sitzplätze im Freien, Zum Mitnehmen","Bar, EC, MasterCard, VisaCard"
Deutsch-Französisches Café,"€ (günstig), Restaurant, Café, Biergarten","Im Ehrental 12, 66117 Saarbrücken",+49 681 88388747,Freitag - Sonntag: 12 Uhr bis 18 Uhr,https://www.dfg-cafe.de/,"Plätzchen im Deutsch-Französischen Garten mit großem Biergarten und wunderschönen Sitzplätzen unter den Platanen direkt am Südbahnhof der Bimmelbahn im DFG gelegen. Der Zugang über Eingang Süd, Metzer Straße ist fußläufig am kürzesten.",https://einkaufen.saarbruecken.de/cache/media/attachments/2020/06/78164_x_y_4cf022_06.png,"Vegan, Vegetarisch","Fusion, Italienisch, Kuchen, Torten und Pâtisserie, Saarländisch","Familienfreundlich, Reservierung möglich, Sitzplätze im Freien",null
Brasserie Saarbrücken,"Restaurant, Bar / Kneipe, €€ (mittelpreisig), Café","Bahnhofstraß 38, 66111 Saarbrücken",+49 681 90 68 480,"Montag - Donnerstag, Sonntag: 9 bis 22 Uhr; Freitag - Samstag: 9 bis 0 Uhr",https://www.deine-brasserie.de/brasserie-saarbruecken,Dein Tag in der Brasserie beginnt mit einem klassisch französischen Frühstück oder unserem täglichen Frühstücks- oder Brunchbuffet… Lass dich dann vom Charme der französischen Küche einfangen. Wie wäre es mit einem leckeren Elsässer Flammkuchen oder dem beliebten Croque Monsieur? Oder schlägt dein Herz eher für ein zartes Entrecôte? In deiner Brasserie heißt es „schlemmen wie Gott in Frankreich“… Geniesse dazu tolle Drinks oder eine leckere Süssigkeit von unserer Eiskarte…Bon appétit!,https://einkaufen.saarbruecken.de/cache/media/attachments/2023/09/105562_x_y_ff1e9a_09.png,"Glutenfrei, Vegan, Vegetarisch",wechselnde Karte,"Barrierefrei, Familienfreundlich, Hundefreundlich, Kostenloses WLAN, Reservierung möglich, Sitzplätze im Freien","American Express, Bar, EC, MasterCard, VisaCard"
LUUC - Café Deli Wein,"Restaurant, €€ (mittelpreisig), Café","Türkenstraße 17, 66111 Saarbrücken",+49 681 93885265,"Montag - Mittwoch, Sonntag: 9.30 bis 20.30 Uhr; Donnerstag - Samstag: 9.30 bis 22 Uhr",http://www.cafeluuc.de,"Das LUUC ist ein wunderschönes Café mit Wohlfühlfaktor. Das Hauptaugenmerk liegt auf veganen sowie vegetarischen Gerichten. Das Café hat eine große Auswahl zum Frühstück und Brunchen. Frühstücken kann man hier übrigens den ganzen Tag. Ab halb 12 gibt es dann zusätzlich noch verschiedene Hauptspeisen. Das Highlight ist auf jeden Fall unter anderem die Tapasplatte zum Teilen. Du kannst an kälteren Tagen gemütlich im Café verweilen und an wärmeren Tagen die Sonne auf der Sonnenterrasse genießen. Ach ja und hier gibt es täglich selbstgebackene Zimtschnecken, sogar vegan.","https://einkaufen.saarbruecken.de/cache/media/attachments/2023/08/104771_x_y_5fdb25_08.jpg, https://einkaufen.saarbruecken.de/cache/media/attachments/2023/08/104773_x_y_362dbc_08.jpg","Glutenfrei, Halal, Vegan, Vegetarisch",wechselnde Karte,"Familienfreundlich, Hundefreundlich, Kostenloses WLAN, Reservierung möglich, Sitzplätze im Freien, Zum Mitnehmen","American Express, Bar, EC, MasterCard, VisaCard"
Rimoco Gewürzmanufaktur,"Manufaktur, €€ (mittelpreisig)","Talstraße 48, 66119 Saarbrücken",+49 681 93583801,Dienstag - Freitag: 12 - 19 Uhr; Samstag: 10 - 14 Uhr,http://www.rimoco.de,"Die kleine, feine Gewürzmanufaktur Rimoco liegt in der Talstraße direkt hinter dem Saarbrücker Schloss. 2012 von den Grundschulfreunden Ben und Richard gegründet, findest du hier seitdem immer neue spannende Gewürze und Gewürzmischungen, um deine Geschmacksknospen zu verblüffen. In der Gewürzmanufaktur schlägt das Herz für naturbelassene und frisch verarbeitete Gewürze. Neben Gewürzen und Kräutern entdeckst du außerdem regionalen Gin, Honig und weitere Delikatessen sowie viele Kochbücher und Kaffee von Black Hen. Wenn du an manchen Abenden durch die Fenster der alten Schreinerei schaust, kannst du einem unterhaltsamen Gewürzseminar beiwohnen. Zusammen mit den Teilnehmern werden Gewürze probiert und köstliche Kleinigkeiten zubereitet. Die Themen sind dabei ganz unterschiedlich, aber immer besonders würzig und vor allem lecker – vom Grundkurs bis zum Thema Indien, Italien oder Weihnachten kannst du dich also einmal um die Welt kochen. Die Gewürzmanufaktur ist immer von Dienstag bis Freitag von 12-19 Uhr sowie samstags von 10-14 Uhr geöffnet. Falls die Türen mal geschlossen sind, gibt es auch einen Onlineshop.","https://einkaufen.saarbruecken.de/cache/media/attachments/2025/04/120655_x_y_a6b71b_04.jpg, https://einkaufen.saarbruecken.de/cache/media/attachments/2025/04/120657_x_y_aa6459_04.jpg","Glutenfrei, Vegan, Vegetarisch",null,null,"Bar, MasterCard, VisaCard"
Fruchteria,"Manufaktur, €€ (mittelpreisig)","Nauwieser Straße 39, 66111 Saarbrücken",+49 681 95812521 ,Montag - Freitag: 12 bis 18 Uhr,http://www.fruchteria.de,"Die Fruchteria bietet einen Online-Shop an. In der Nauwieser Straße finden Sie die Fruchteria. Dort werden süße und herzhafte Brotaufstriche, Sirups, Chutneys, Relishes, Grill- und Pastasoßen hergestellt. Andrea Dumont bereitet alles nach alten, von Ihrer Großmutter überlieferten Rezepten zu, erfindet aber auch ständig Neues. Dabei legt sie großen Wert auf Regionales. Auch Ausgefallenes findet Platz in Ihren Töpfen. So umfasst das Sortiment z.B. ein Zwickel -Bier-Chilli- Gelee oder eine Mango Rosmarin Konfitüre. Wie wäre es mit einem Apfel Chutney oder einer Kartoffel Konfitüre. Klassiker wie Erdbeer- oder Sauerkirsch Konfitüre gibt es selbstverständlich auch. Alles ist in reiner Handarbeit aus erlesenen Zutaten hergestellt und keine Großproduktion. Lassen Sie sich einfach mal verführen. Direkt an die Manufaktur schließt sich ein liebevoller kleiner Kaufmannsladen mit einer alten Vintage Einrichtung an. So können alle Köstlichkeiten direkt vor Ort probiert und gekauft werden. Ebenfalls gibt es viele regionale kulinarische Produkte, wie Senf und Öl aus dem Bliesgau, Wein von der Nahe oder auch den „Hundsärsch“ ein Schnaps oder Likör aus Mispeln . Witzige Postkarten, Geschenkkörbe und Mitbringsel ergänzen das Sortiment. Zuzüglich ist die Fruchteria Genuss Partner der Tourismus Zentrale Saarland.","https://einkaufen.saarbruecken.de/cache/media/attachments/2020/02/75583_x_y_e4ddfd_02.jpg, https://einkaufen.saarbruecken.de/cache/media/attachments/2020/02/75587_x_y_fb4c27_02.jpg","Vegan, Vegetarisch",null,null,"Bar, EC, Saarbrücker Kohle"
OneBeach,Biergarten,"Bismarckbrücke / Am Leinpfad, 66119 Saarbrücken",015515560305019,Montag - Freitag: 15-23 Uhr; Samstag - Sonntag: 12-23 Uhr,https://www.onebeach.de/,"Entspannung, Sport, Spiele für Kinder, Essen + Trinken oder einfach nur die Strandatmosphäre im Liegestuhl genießen. Kurz gesagt: Einen Tag wie im Urlaub verbringen! Wo: Mitten in Saarbrücken an der Bismarckbrücke. Gastronomie: Flammkuchen, BBQ, Taboule/Couscous-Salate, Henry´s Eis. 40 verschiedene Getränke zur Auswahl: Internationale + bayerische Biere, hochwertige Schorlen/Limonaden/Eistees, Mixed-Drinks, z. B. Aperol-Spritz, Limoncello-Spritz, uvm. Aktivitäten: Zur Miete: Beachvolleyball und Beach Tennis auf 10 Courts. Kostenfrei: Cornhole, Spikeball, Beachminton, Tischtennis, Sandspielzeug für Kinder, Bücher, uvm.","https://einkaufen.saarbruecken.de/cache/media/attachments/2025/04/120493_x_y_c92ba6_04.jpg, https://einkaufen.saarbruecken.de/cache/media/attachments/2025/04/120495_x_y_893699_04.jpg, https://einkaufen.saarbruecken.de/cache/media/attachments/2025/04/120496_x_y_26823d_04.jpg",null,null,Sitzplätze im Freien,null
OneBeach,Biergarten,"Bismarckbrücke / Am Leinpfad, 66119 Saarbrücken",015515560305019,Montag - Freitag: 15-23 Uhr; Samstag - Sonntag: 12-23 Uhr,https://www.onebeach.de/,"Entspannung, Sport, Spiele für Kinder, Essen + Trinken oder einfach nur die Strandatmosphäre im Liegestuhl genießen. Kurz gesagt: Einen Tag wie im Urlaub verbringen! Wo: Mitten in Saarbrücken an der Bismarckbrücke. Gastronomie: Flammkuchen, BBQ, Taboule/Couscous-Salate, Henry´s Eis. 40 verschiedene Getränke zur Auswahl: Internationale + bayerische Biere, hochwertige Schorlen/Limonaden/Eistees, Mixed-Drinks, z. B. Aperol-Spritz, Limoncello-Spritz, uvm. Aktivitäten: Zur Miete: Beachvolleyball und Beach Tennis auf 10 Courts. Kostenfrei: Cornhole, Spikeball, Beachminton, Tischtennis, Sandspielzeug für Kinder, Bücher, uvm.","https://einkaufen.saarbruecken.de/cache/media/attachments/2025/04/120493_x_y_c92ba6_04.jpg, https://einkaufen.saarbruecken.de/cache/media/attachments/2025/04/120495_x_y_893699_04.jpg, https://einkaufen.saarbruecken.de/cache/media/attachments/2025/04/120496_x_y_26823d_04.jpg",null,null,Sitzplätze im Freien,null
Henry's Eismanufaktur,"€€€ (hochpreisig), Manufaktur, Café","Kappenstraße 1, 66111 Saarbrücken",+49 681 93877207,Montag - Sonntag: Saisonal varriierend zwischen 12 und 19 Uhr,http://henrys-eismanufaktur.de,"Henry's Eismanufaktur ist Produzent von handwerklich hergestelltem Speiseeis ohne künstliche Farb-, Aroma- oder Konservierungsstoffe. Das Sortiment im Eiscafé in der Kappenstraße am St. Johanner Markt besteht zu ca. 50% aus Milcheis, für das ausschließlich Milch von der saarländischen Bliesgau-Molkerei verwendet wird. Die veganen Sorbets werden soweit möglich aus regionalen und saisonalen Früchten hergestellt.","https://einkaufen.saarbruecken.de/cache/media/attachments/2023/10/106380_x_y_aad6c4_10.jpg, https://einkaufen.saarbruecken.de/cache/media/attachments/2023/10/106384_x_y_161309_10.jpg","Glutenfrei, Halal, Vegan, Vegetarisch",wechselnde Karte,"Barrierefrei, Familienfreundlich, Hundefreundlich, Kostenloses WLAN, Sitzplätze im Freien, Zum Mitnehmen","Bar, EC, MasterCard, VisaCard"
Eiscafé Florenz,Café,"Trierer Str. 1, 66111 Saarbrücken",+49 681 7559550,null,http://www.europagalerie.de,null,https://einkaufen.saarbruecken.de/cache/media/attachments/2023/09/105448_x_y_019f2f_09.jpg,null,null,null,null
Leonidas,"Manufaktur, €€ (mittelpreisig)","Bahnhofstraße 34, 66111 Saarbrücken",+49 681 397383,Montag - Samstag: 10 bis 19 Uhr,https://saarbruecken.leonidas.com/,"Leonidas stellt vor allem Pralinen her, aber auch Tafelschokolade, Confiserie-Artikel, Speiseeis und Eiskonfekt werden Sie hier entdecken.","https://einkaufen.saarbruecken.de/cache/media/attachments/2024/01/108234_x_y_453ce7_01.jpg, https://einkaufen.saarbruecken.de/cache/media/attachments/2024/01/108235_x_y_bb40a6_01.jpg",null,"Kuchen, Torten und Pâtisserie",null,"Bar, EC, Saarbrücker Kohle"
